origem,destino,distancia
Base,Base,0.0
Base,T1,2.1
Base,T2,3.7
Base,T3,5.8
Base,T4,7.5
Base,T5,9.2
Base,T6,10.6
T1,Base,2.1
T1,T1,0.0
T1,T2,2.0
T1,T3,4.1
T1,T4,5.7
T1,T5,7.6
T1,T6,9.4
T2,Base,3.7
T2,T1,2.0
T2,T2,0.0
T2,T3,2.1
T2,T4,3.8
T2,T5,5.6
T2,T6,7.4
T3,Base,5.8
T3,T1,4.1
T3,T2,2.1
T3,T3,0.0
T3,T4,1.8
T3,T5,3.5
T3,T6,5.4
T4,Base,7.5
T4,T1,5.7
T4,T2,3.8
T4,T3,1.8
T4,T4,0.0
T4,T5,2.3
T4,T6,4.7
T5,Base,9.2
T5,T1,7.6
T5,T2,5.6
T5,T3,3.5
T5,T4,2.3
T5,T5,0.0
T5,T6,2.5
T6,Base,10.6
T6,T1,9.4
T6,T2,7.4
T6,T3,5.4
T6,T4,4.7
T6,T5,2.5
T6,T6,0.0
